{"cameraMode":{"drawMode":0,"name":"Shaded","section":"Shading Mode"},"sceneLighting":false,"audioPlay":false,"sceneViewState":{"m_AlwaysRefresh":false,"showFog":true,"showSkybox":false,"showFlares":true,"showImageEffects":true,"showParticleSystems":true,"showVisualEffectGraphs":true,"m_FxEnabled":true},"in2DMode":false,"pivot":{"x":41.902732849121097,"y":5.464833736419678,"z":-35.20829772949219},"rotation":{"x":-0.20022417604923249,"y":-0.014697965234518052,"z":0.00300398631952703,"w":-0.9796360731124878},"size":10.253782272338868,"orthographic":false}